,src,categories
0,jazz\jazz.1.jpeg,jazz
1,jazz\jazz.10.jpeg,jazz
2,jazz\jazz.100.jpeg,jazz
3,jazz\jazz.1000.jpeg,jazz
4,jazz\jazz.101.jpeg,jazz
5,jazz\jazz.102.jpeg,jazz
6,jazz\jazz.103.jpeg,"jazz,rock"
7,jazz\jazz.104.jpeg,jazz
8,jazz\jazz.105.jpeg,jazz
9,jazz\jazz.106.jpeg,jazz
10,jazz\jazz.107.jpeg,jazz
11,jazz\jazz.108.jpeg,jazz
12,jazz\jazz.109.jpeg,jazz
13,jazz\jazz.11.jpeg,"jazz,rock"
14,jazz\jazz.110.jpeg,"jazz,rock"
15,jazz\jazz.111.jpeg,jazz
16,jazz\jazz.112.jpeg,"jazz,rock"
17,jazz\jazz.113.jpeg,jazz
18,jazz\jazz.114.jpeg,"jazz,rock"
19,jazz\jazz.115.jpeg,jazz
20,jazz\jazz.116.jpeg,jazz
21,jazz\jazz.117.jpeg,jazz
22,jazz\jazz.118.jpeg,jazz
23,jazz\jazz.119.jpeg,jazz
24,jazz\jazz.12.jpeg,jazz
25,jazz\jazz.120.jpeg,jazz
26,jazz\jazz.121.jpeg,jazz
27,jazz\jazz.122.jpeg,jazz
28,jazz\jazz.123.jpeg,jazz
29,jazz\jazz.124.jpeg,jazz
30,jazz\jazz.125.jpeg,jazz
31,jazz\jazz.126.jpeg,jazz
32,jazz\jazz.127.jpeg,jazz
33,jazz\jazz.128.jpeg,jazz
34,jazz\jazz.129.jpeg,jazz
35,jazz\jazz.13.jpeg,jazz
36,jazz\jazz.130.jpeg,jazz
37,jazz\jazz.131.jpeg,jazz
38,jazz\jazz.132.jpeg,jazz
39,jazz\jazz.133.jpeg,jazz
40,jazz\jazz.134.jpeg,jazz
41,jazz\jazz.135.jpeg,jazz
42,jazz\jazz.136.jpeg,jazz
43,jazz\jazz.137.jpeg,jazz
44,jazz\jazz.138.jpeg,jazz
45,jazz\jazz.139.jpeg,jazz
46,jazz\jazz.14.jpeg,jazz
47,jazz\jazz.140.jpeg,jazz
48,jazz\jazz.141.jpeg,"jazz,rock"
49,jazz\jazz.142.jpeg,jazz
50,jazz\jazz.143.jpeg,jazz
51,jazz\jazz.144.jpeg,jazz
52,jazz\jazz.145.jpeg,jazz
53,jazz\jazz.146.jpeg,jazz
54,jazz\jazz.148.jpeg,jazz
55,jazz\jazz.149.jpeg,jazz
56,jazz\jazz.15.jpeg,"jazz,rock"
57,jazz\jazz.150.jpeg,jazz
58,jazz\jazz.151.jpeg,jazz
59,jazz\jazz.152.jpeg,jazz
60,jazz\jazz.153.jpeg,jazz
61,jazz\jazz.154.jpeg,jazz
62,jazz\jazz.155.jpeg,jazz
63,jazz\jazz.156.jpeg,jazz
64,jazz\jazz.157.jpeg,jazz
65,jazz\jazz.158.jpeg,jazz
66,jazz\jazz.159.jpeg,jazz
67,jazz\jazz.16.jpeg,jazz
68,jazz\jazz.160.jpeg,jazz
69,jazz\jazz.161.jpeg,jazz
70,jazz\jazz.162.jpeg,jazz
71,jazz\jazz.163.jpeg,jazz
72,jazz\jazz.165.jpeg,jazz
73,jazz\jazz.166.jpeg,jazz
74,jazz\jazz.167.jpeg,jazz
75,jazz\jazz.168.jpeg,jazz
76,jazz\jazz.169.jpeg,jazz
77,jazz\jazz.17.jpeg,jazz
78,jazz\jazz.170.jpeg,jazz
79,jazz\jazz.171.jpeg,jazz
80,jazz\jazz.172.jpeg,jazz
81,jazz\jazz.173.jpeg,jazz
82,jazz\jazz.174.jpeg,jazz
83,jazz\jazz.175.jpeg,jazz
84,jazz\jazz.176.jpeg,jazz
85,jazz\jazz.177.jpeg,jazz
86,jazz\jazz.178.jpeg,jazz
87,jazz\jazz.179.jpeg,jazz
88,jazz\jazz.180.jpeg,jazz
89,jazz\jazz.181.jpeg,jazz
90,jazz\jazz.182.jpeg,jazz
91,jazz\jazz.183.jpeg,jazz
92,jazz\jazz.184.jpeg,jazz
93,jazz\jazz.185.jpeg,jazz
94,jazz\jazz.186.jpeg,jazz
95,jazz\jazz.187.jpeg,jazz
96,jazz\jazz.188.jpeg,jazz
97,jazz\jazz.189.jpeg,jazz
98,jazz\jazz.19.jpeg,jazz
99,jazz\jazz.190.jpeg,jazz
100,jazz\jazz.191.jpeg,jazz
101,jazz\jazz.192.jpeg,"jazz,rock"
102,jazz\jazz.193.jpeg,jazz
103,jazz\jazz.194.jpeg,jazz
104,jazz\jazz.195.jpeg,jazz
105,jazz\jazz.196.jpeg,jazz
106,jazz\jazz.197.jpeg,jazz
107,jazz\jazz.198.jpeg,jazz
108,jazz\jazz.199.jpeg,jazz
109,jazz\jazz.20.jpeg,jazz
110,jazz\jazz.200.jpeg,jazz
111,jazz\jazz.201.jpeg,jazz
112,jazz\jazz.202.jpeg,jazz
113,jazz\jazz.203.jpeg,jazz
114,jazz\jazz.204.jpeg,jazz
115,jazz\jazz.205.jpeg,jazz
116,jazz\jazz.206.jpeg,jazz
117,jazz\jazz.207.jpeg,jazz
118,jazz\jazz.208.jpeg,jazz
119,jazz\jazz.209.jpeg,jazz
120,jazz\jazz.210.jpeg,jazz
121,jazz\jazz.211.jpeg,jazz
122,jazz\jazz.212.jpeg,jazz
123,jazz\jazz.213.jpeg,jazz
124,jazz\jazz.214.jpeg,jazz
125,jazz\jazz.215.jpeg,jazz
126,jazz\jazz.216.jpeg,jazz
127,jazz\jazz.217.jpeg,jazz
128,jazz\jazz.218.jpeg,jazz
129,jazz\jazz.219.jpeg,jazz
130,jazz\jazz.22.jpeg,"jazz,rock"
131,jazz\jazz.220.jpeg,jazz
132,jazz\jazz.221.jpeg,jazz
133,jazz\jazz.222.jpeg,jazz
134,jazz\jazz.223.jpeg,jazz
135,jazz\jazz.224.jpeg,"jazz,rock"
136,jazz\jazz.225.jpeg,jazz
137,jazz\jazz.226.jpeg,jazz
138,jazz\jazz.227.jpeg,jazz
139,jazz\jazz.228.jpeg,jazz
140,jazz\jazz.229.jpeg,jazz
141,jazz\jazz.23.jpeg,"jazz,rock"
142,jazz\jazz.230.jpeg,jazz
143,jazz\jazz.231.jpeg,jazz
144,jazz\jazz.232.jpeg,jazz
145,jazz\jazz.233.jpeg,jazz
146,jazz\jazz.234.jpeg,jazz
147,jazz\jazz.235.jpeg,jazz
148,jazz\jazz.236.jpeg,jazz
149,jazz\jazz.237.jpeg,jazz
150,jazz\jazz.238.jpeg,jazz
151,jazz\jazz.239.jpeg,jazz
152,jazz\jazz.240.jpeg,jazz
153,jazz\jazz.241.jpeg,jazz
154,jazz\jazz.242.jpeg,jazz
155,jazz\jazz.243.jpeg,jazz
156,jazz\jazz.244.jpeg,jazz
157,jazz\jazz.245.jpeg,jazz
158,jazz\jazz.246.jpeg,jazz
159,jazz\jazz.247.jpeg,jazz
160,jazz\jazz.248.jpeg,jazz
161,jazz\jazz.249.jpeg,jazz
162,jazz\jazz.25.jpeg,"jazz,rock"
163,jazz\jazz.250.jpeg,jazz
164,jazz\jazz.251.jpeg,jazz
165,jazz\jazz.252.jpeg,jazz
166,jazz\jazz.253.jpeg,jazz
167,jazz\jazz.254.jpeg,jazz
168,jazz\jazz.255.jpeg,jazz
169,jazz\jazz.256.jpeg,jazz
170,jazz\jazz.257.jpeg,jazz
171,jazz\jazz.258.jpeg,jazz
172,jazz\jazz.259.jpeg,jazz
173,jazz\jazz.26.jpeg,jazz
174,jazz\jazz.260.jpeg,"jazz,rock"
175,jazz\jazz.261.jpeg,jazz
176,jazz\jazz.262.jpeg,jazz
177,jazz\jazz.263.jpeg,jazz
178,jazz\jazz.264.jpeg,jazz
179,jazz\jazz.265.jpeg,jazz
180,jazz\jazz.266.jpeg,jazz
181,jazz\jazz.267.jpeg,jazz
182,jazz\jazz.268.jpeg,jazz
183,jazz\jazz.269.jpeg,jazz
184,jazz\jazz.27.jpeg,"jazz,rock"
185,jazz\jazz.270.jpeg,jazz
186,jazz\jazz.271.jpeg,jazz
187,jazz\jazz.272.jpeg,jazz
188,jazz\jazz.273.jpeg,jazz
189,jazz\jazz.274.jpeg,jazz
190,jazz\jazz.275.jpeg,jazz
191,jazz\jazz.276.jpeg,jazz
192,jazz\jazz.277.jpeg,jazz
193,jazz\jazz.278.jpeg,jazz
194,jazz\jazz.279.jpeg,jazz
195,jazz\jazz.28.jpeg,jazz
196,jazz\jazz.280.jpeg,jazz
197,jazz\jazz.281.jpeg,jazz
198,jazz\jazz.282.jpeg,jazz
199,jazz\jazz.283.jpeg,"jazz,rock"
200,jazz\jazz.284.jpeg,jazz
201,jazz\jazz.285.jpeg,jazz
202,jazz\jazz.286.jpeg,jazz
203,jazz\jazz.287.jpeg,jazz
204,jazz\jazz.288.jpeg,jazz
205,jazz\jazz.289.jpeg,jazz
206,jazz\jazz.29.jpeg,"jazz,rock"
207,jazz\jazz.290.jpeg,jazz
208,jazz\jazz.291.jpeg,jazz
209,jazz\jazz.292.jpeg,jazz
210,jazz\jazz.293.jpeg,jazz
211,jazz\jazz.294.jpeg,jazz
212,jazz\jazz.295.jpeg,jazz
213,jazz\jazz.296.jpeg,jazz
214,jazz\jazz.297.jpeg,jazz
215,jazz\jazz.298.jpeg,jazz
216,jazz\jazz.299.jpeg,jazz
217,jazz\jazz.30.jpeg,"jazz,rock"
218,jazz\jazz.300.jpeg,jazz
219,jazz\jazz.301.jpeg,jazz
220,jazz\jazz.302.jpeg,jazz
221,jazz\jazz.303.jpeg,jazz
222,jazz\jazz.304.jpeg,jazz
223,jazz\jazz.305.jpeg,jazz
224,jazz\jazz.306.jpeg,jazz
225,jazz\jazz.307.jpeg,jazz
226,jazz\jazz.308.jpeg,jazz
227,jazz\jazz.309.jpeg,jazz
228,jazz\jazz.31.jpeg,jazz
229,jazz\jazz.310.jpeg,jazz
230,jazz\jazz.311.jpeg,jazz
231,jazz\jazz.312.jpeg,jazz
232,jazz\jazz.313.jpeg,jazz
233,jazz\jazz.314.jpeg,jazz
234,jazz\jazz.315.jpeg,jazz
235,jazz\jazz.316.jpeg,jazz
236,jazz\jazz.317.jpeg,jazz
237,jazz\jazz.318.jpeg,jazz
238,jazz\jazz.319.jpeg,jazz
239,jazz\jazz.32.jpeg,"jazz,rock"
240,jazz\jazz.320.jpeg,jazz
241,jazz\jazz.321.jpeg,jazz
242,jazz\jazz.322.jpeg,jazz
243,jazz\jazz.323.jpeg,jazz
244,jazz\jazz.324.jpeg,jazz
245,jazz\jazz.325.jpeg,jazz
246,jazz\jazz.326.jpeg,jazz
247,jazz\jazz.327.jpeg,jazz
248,jazz\jazz.328.jpeg,jazz
249,jazz\jazz.329.jpeg,jazz
250,jazz\jazz.330.jpeg,jazz
251,jazz\jazz.331.jpeg,jazz
252,jazz\jazz.332.jpeg,jazz
253,jazz\jazz.333.jpeg,jazz
254,jazz\jazz.334.jpeg,jazz
255,jazz\jazz.335.jpeg,jazz
256,jazz\jazz.336.jpeg,jazz
257,jazz\jazz.337.jpeg,jazz
258,jazz\jazz.338.jpeg,jazz
259,jazz\jazz.339.jpeg,jazz
260,jazz\jazz.34.jpeg,"jazz,rock"
261,jazz\jazz.340.jpeg,jazz
262,jazz\jazz.341.jpeg,jazz
263,jazz\jazz.343.jpeg,jazz
264,jazz\jazz.344.jpeg,jazz
265,jazz\jazz.345.jpeg,jazz
266,jazz\jazz.346.jpeg,jazz
267,jazz\jazz.347.jpeg,jazz
268,jazz\jazz.348.jpeg,jazz
269,jazz\jazz.349.jpeg,jazz
270,jazz\jazz.350.jpeg,jazz
271,jazz\jazz.351.jpeg,jazz
272,jazz\jazz.352.jpeg,jazz
273,jazz\jazz.353.jpeg,jazz
274,jazz\jazz.354.jpeg,jazz
275,jazz\jazz.355.jpeg,jazz
276,jazz\jazz.356.jpeg,jazz
277,jazz\jazz.357.jpeg,jazz
278,jazz\jazz.358.jpeg,jazz
279,jazz\jazz.359.jpeg,jazz
280,jazz\jazz.36.jpeg,jazz
281,jazz\jazz.360.jpeg,jazz
282,jazz\jazz.361.jpeg,jazz
283,jazz\jazz.362.jpeg,jazz
284,jazz\jazz.363.jpeg,jazz
285,jazz\jazz.364.jpeg,jazz
286,jazz\jazz.365.jpeg,jazz
287,jazz\jazz.366.jpeg,jazz
288,jazz\jazz.367.jpeg,jazz
289,jazz\jazz.368.jpeg,jazz
290,jazz\jazz.369.jpeg,jazz
291,jazz\jazz.37.jpeg,jazz
292,jazz\jazz.370.jpeg,jazz
293,jazz\jazz.371.jpeg,jazz
294,jazz\jazz.372.jpeg,jazz
295,jazz\jazz.373.jpeg,jazz
296,jazz\jazz.374.jpeg,jazz
297,jazz\jazz.375.jpeg,jazz
298,jazz\jazz.377.jpeg,jazz
299,jazz\jazz.378.jpeg,jazz
300,jazz\jazz.379.jpeg,jazz
301,jazz\jazz.380.jpeg,jazz
302,jazz\jazz.381.jpeg,jazz
303,jazz\jazz.382.jpeg,jazz
304,jazz\jazz.383.jpeg,jazz
305,jazz\jazz.384.jpeg,jazz
306,jazz\jazz.385.jpeg,jazz
307,jazz\jazz.386.jpeg,jazz
308,jazz\jazz.387.jpeg,jazz
309,jazz\jazz.388.jpeg,jazz
310,jazz\jazz.389.jpeg,jazz
311,jazz\jazz.39.jpeg,jazz
312,jazz\jazz.390.jpeg,jazz
313,jazz\jazz.391.jpeg,jazz
314,jazz\jazz.392.jpeg,jazz
315,jazz\jazz.393.jpeg,jazz
316,jazz\jazz.395.jpeg,jazz
317,jazz\jazz.396.jpeg,jazz
318,jazz\jazz.397.jpeg,jazz
319,jazz\jazz.398.jpeg,jazz
320,jazz\jazz.399.jpeg,jazz
321,jazz\jazz.4.jpeg,"jazz,rock"
322,jazz\jazz.40.jpeg,jazz
323,jazz\jazz.400.jpeg,jazz
324,jazz\jazz.401.jpeg,jazz
325,jazz\jazz.402.jpeg,jazz
326,jazz\jazz.404.jpeg,jazz
327,jazz\jazz.405.jpeg,jazz
328,jazz\jazz.406.jpeg,jazz
329,jazz\jazz.407.jpeg,jazz
330,jazz\jazz.408.jpeg,jazz
331,jazz\jazz.409.jpeg,jazz
332,jazz\jazz.41.jpeg,jazz
333,jazz\jazz.411.jpeg,jazz
334,jazz\jazz.414.jpeg,jazz
335,jazz\jazz.415.jpeg,jazz
336,jazz\jazz.416.jpeg,jazz
337,jazz\jazz.417.jpeg,jazz
338,jazz\jazz.418.jpeg,jazz
339,jazz\jazz.42.jpeg,"jazz,rock"
340,jazz\jazz.420.jpeg,jazz
341,jazz\jazz.421.jpeg,jazz
342,jazz\jazz.423.jpeg,jazz
343,jazz\jazz.425.jpeg,jazz
344,jazz\jazz.426.jpeg,jazz
345,jazz\jazz.427.jpeg,jazz
346,jazz\jazz.428.jpeg,jazz
347,jazz\jazz.429.jpeg,jazz
348,jazz\jazz.430.jpeg,jazz
349,jazz\jazz.431.jpeg,jazz
350,jazz\jazz.432.jpeg,jazz
351,jazz\jazz.433.jpeg,jazz
352,jazz\jazz.434.jpeg,jazz
353,jazz\jazz.435.jpeg,jazz
354,jazz\jazz.436.jpeg,jazz
355,jazz\jazz.437.jpeg,jazz
356,jazz\jazz.438.jpeg,jazz
357,jazz\jazz.439.jpeg,jazz
358,jazz\jazz.44.jpeg,"jazz,rock"
359,jazz\jazz.440.jpeg,jazz
360,jazz\jazz.441.jpeg,jazz
361,jazz\jazz.442.jpeg,jazz
362,jazz\jazz.443.jpeg,jazz
363,jazz\jazz.444.jpeg,jazz
364,jazz\jazz.445.jpeg,jazz
365,jazz\jazz.446.jpeg,jazz
366,jazz\jazz.447.jpeg,jazz
367,jazz\jazz.448.jpeg,jazz
368,jazz\jazz.449.jpeg,jazz
369,jazz\jazz.45.jpeg,"jazz,rock"
370,jazz\jazz.450.jpeg,jazz
371,jazz\jazz.451.jpeg,jazz
372,jazz\jazz.452.jpeg,jazz
373,jazz\jazz.453.jpeg,jazz
374,jazz\jazz.454.jpeg,jazz
375,jazz\jazz.455.jpeg,jazz
376,jazz\jazz.456.jpeg,jazz
377,jazz\jazz.457.jpeg,jazz
378,jazz\jazz.458.jpeg,jazz
379,jazz\jazz.459.jpeg,jazz
380,jazz\jazz.46.jpeg,jazz
381,jazz\jazz.460.jpeg,jazz
382,jazz\jazz.461.jpeg,jazz
383,jazz\jazz.462.jpeg,jazz
384,jazz\jazz.463.jpeg,jazz
385,jazz\jazz.464.jpeg,jazz
386,jazz\jazz.465.jpeg,jazz
387,jazz\jazz.466.jpeg,jazz
388,jazz\jazz.467.jpeg,jazz
389,jazz\jazz.468.jpeg,jazz
390,jazz\jazz.469.jpeg,jazz
391,jazz\jazz.470.jpeg,jazz
392,jazz\jazz.471.jpeg,jazz
393,jazz\jazz.472.jpeg,jazz
394,jazz\jazz.473.jpeg,jazz
395,jazz\jazz.474.jpeg,jazz
396,jazz\jazz.475.jpeg,jazz
397,jazz\jazz.476.jpeg,jazz
398,jazz\jazz.477.jpeg,jazz
399,jazz\jazz.478.jpeg,jazz
400,jazz\jazz.479.jpeg,jazz
401,jazz\jazz.48.jpeg,jazz
402,jazz\jazz.480.jpeg,jazz
403,jazz\jazz.481.jpeg,jazz
404,jazz\jazz.482.jpeg,jazz
405,jazz\jazz.483.jpeg,jazz
406,jazz\jazz.484.jpeg,jazz
407,jazz\jazz.485.jpeg,jazz
408,jazz\jazz.486.jpeg,jazz
409,jazz\jazz.487.jpeg,jazz
410,jazz\jazz.488.jpeg,jazz
411,jazz\jazz.489.jpeg,jazz
412,jazz\jazz.49.jpeg,jazz
413,jazz\jazz.490.jpeg,jazz
414,jazz\jazz.491.jpeg,jazz
415,jazz\jazz.492.jpeg,jazz
416,jazz\jazz.493.jpeg,jazz
417,jazz\jazz.494.jpeg,jazz
418,jazz\jazz.495.jpeg,jazz
419,jazz\jazz.496.jpeg,jazz
420,jazz\jazz.497.jpeg,jazz
421,jazz\jazz.498.jpeg,jazz
422,jazz\jazz.499.jpeg,jazz
423,jazz\jazz.5.jpeg,jazz
424,jazz\jazz.50.jpeg,"jazz,rock"
425,jazz\jazz.500.jpeg,jazz
426,jazz\jazz.503.jpeg,jazz
427,jazz\jazz.504.jpeg,jazz
428,jazz\jazz.505.jpeg,jazz
429,jazz\jazz.506.jpeg,jazz
430,jazz\jazz.507.jpeg,jazz
431,jazz\jazz.508.jpeg,jazz
432,jazz\jazz.509.jpeg,jazz
433,jazz\jazz.51.jpeg,"jazz,rock"
434,jazz\jazz.510.jpeg,jazz
435,jazz\jazz.511.jpeg,jazz
436,jazz\jazz.512.jpeg,jazz
437,jazz\jazz.513.jpeg,jazz
438,jazz\jazz.514.jpeg,jazz
439,jazz\jazz.516.jpeg,jazz
440,jazz\jazz.517.jpeg,jazz
441,jazz\jazz.52.jpeg,jazz
442,jazz\jazz.520.jpeg,jazz
443,jazz\jazz.521.jpeg,jazz
444,jazz\jazz.522.jpeg,jazz
445,jazz\jazz.523.jpeg,jazz
446,jazz\jazz.524.jpeg,jazz
447,jazz\jazz.525.jpeg,jazz
448,jazz\jazz.526.jpeg,jazz
449,jazz\jazz.527.jpeg,jazz
450,jazz\jazz.528.jpeg,jazz
451,jazz\jazz.529.jpeg,jazz
452,jazz\jazz.53.jpeg,jazz
453,jazz\jazz.530.jpeg,jazz
454,jazz\jazz.531.jpeg,jazz
455,jazz\jazz.532.jpeg,jazz
456,jazz\jazz.533.jpeg,jazz
457,jazz\jazz.534.jpeg,jazz
458,jazz\jazz.537.jpeg,jazz
459,jazz\jazz.538.jpeg,jazz
460,jazz\jazz.539.jpeg,jazz
461,jazz\jazz.540.jpeg,jazz
462,jazz\jazz.541.jpeg,jazz
463,jazz\jazz.542.jpeg,jazz
464,jazz\jazz.543.jpeg,jazz
465,jazz\jazz.544.jpeg,jazz
466,jazz\jazz.545.jpeg,jazz
467,jazz\jazz.546.jpeg,jazz
468,jazz\jazz.547.jpeg,jazz
469,jazz\jazz.548.jpeg,jazz
470,jazz\jazz.549.jpeg,jazz
471,jazz\jazz.55.jpeg,jazz
472,jazz\jazz.550.jpeg,jazz
473,jazz\jazz.551.jpeg,jazz
474,jazz\jazz.552.jpeg,jazz
475,jazz\jazz.553.jpeg,jazz
476,jazz\jazz.554.jpeg,jazz
477,jazz\jazz.555.jpeg,jazz
478,jazz\jazz.556.jpeg,jazz
479,jazz\jazz.557.jpeg,jazz
480,jazz\jazz.558.jpeg,jazz
481,jazz\jazz.559.jpeg,jazz
482,jazz\jazz.56.jpeg,jazz
483,jazz\jazz.560.jpeg,jazz
484,jazz\jazz.561.jpeg,jazz
485,jazz\jazz.562.jpeg,jazz
486,jazz\jazz.563.jpeg,jazz
487,jazz\jazz.564.jpeg,jazz
488,jazz\jazz.565.jpeg,jazz
489,jazz\jazz.566.jpeg,jazz
490,jazz\jazz.567.jpeg,jazz
491,jazz\jazz.568.jpeg,jazz
492,jazz\jazz.569.jpeg,jazz
493,jazz\jazz.57.jpeg,jazz
494,jazz\jazz.570.jpeg,jazz
495,jazz\jazz.571.jpeg,jazz
496,jazz\jazz.572.jpeg,jazz
497,jazz\jazz.573.jpeg,jazz
498,jazz\jazz.574.jpeg,jazz
499,jazz\jazz.575.jpeg,jazz
500,jazz\jazz.576.jpeg,jazz
501,jazz\jazz.577.jpeg,jazz
502,jazz\jazz.578.jpeg,jazz
503,jazz\jazz.579.jpeg,jazz
504,jazz\jazz.58.jpeg,jazz
505,jazz\jazz.580.jpeg,jazz
506,jazz\jazz.581.jpeg,jazz
507,jazz\jazz.582.jpeg,jazz
508,jazz\jazz.583.jpeg,jazz
509,jazz\jazz.584.jpeg,jazz
510,jazz\jazz.585.jpeg,jazz
511,jazz\jazz.586.jpeg,jazz
512,jazz\jazz.587.jpeg,jazz
513,jazz\jazz.588.jpeg,jazz
514,jazz\jazz.589.jpeg,jazz
515,jazz\jazz.59.jpeg,jazz
516,jazz\jazz.590.jpeg,jazz
517,jazz\jazz.591.jpeg,jazz
518,jazz\jazz.592.jpeg,jazz
519,jazz\jazz.593.jpeg,jazz
520,jazz\jazz.594.jpeg,jazz
521,jazz\jazz.595.jpeg,jazz
522,jazz\jazz.596.jpeg,jazz
523,jazz\jazz.597.jpeg,jazz
524,jazz\jazz.598.jpeg,jazz
525,jazz\jazz.6.jpeg,jazz
526,jazz\jazz.60.jpeg,jazz
527,jazz\jazz.600.jpeg,jazz
528,jazz\jazz.601.jpeg,jazz
529,jazz\jazz.602.jpeg,jazz
530,jazz\jazz.604.jpeg,jazz
531,jazz\jazz.605.jpeg,jazz
532,jazz\jazz.607.jpeg,jazz
533,jazz\jazz.608.jpeg,jazz
534,jazz\jazz.609.jpeg,jazz
535,jazz\jazz.61.jpeg,jazz
536,jazz\jazz.610.jpeg,jazz
537,jazz\jazz.611.jpeg,jazz
538,jazz\jazz.612.jpeg,jazz
539,jazz\jazz.613.jpeg,jazz
540,jazz\jazz.615.jpeg,jazz
541,jazz\jazz.616.jpeg,jazz
542,jazz\jazz.617.jpeg,jazz
543,jazz\jazz.618.jpeg,jazz
544,jazz\jazz.619.jpeg,jazz
545,jazz\jazz.62.jpeg,jazz
546,jazz\jazz.620.jpeg,jazz
547,jazz\jazz.621.jpeg,jazz
548,jazz\jazz.623.jpeg,jazz
549,jazz\jazz.624.jpeg,jazz
550,jazz\jazz.625.jpeg,jazz
551,jazz\jazz.626.jpeg,jazz
552,jazz\jazz.628.jpeg,jazz
553,jazz\jazz.629.jpeg,jazz
554,jazz\jazz.630.jpeg,jazz
555,jazz\jazz.631.jpeg,jazz
556,jazz\jazz.632.jpeg,jazz
557,jazz\jazz.633.jpeg,jazz
558,jazz\jazz.634.jpeg,jazz
559,jazz\jazz.635.jpeg,jazz
560,jazz\jazz.636.jpeg,jazz
561,jazz\jazz.637.jpeg,jazz
562,jazz\jazz.639.jpeg,jazz
563,jazz\jazz.64.jpeg,jazz
564,jazz\jazz.640.jpeg,jazz
565,jazz\jazz.641.jpeg,jazz
566,jazz\jazz.642.jpeg,jazz
567,jazz\jazz.643.jpeg,jazz
568,jazz\jazz.644.jpeg,jazz
569,jazz\jazz.645.jpeg,jazz
570,jazz\jazz.646.jpeg,jazz
571,jazz\jazz.647.jpeg,jazz
572,jazz\jazz.648.jpeg,jazz
573,jazz\jazz.649.jpeg,jazz
574,jazz\jazz.65.jpeg,jazz
575,jazz\jazz.650.jpeg,jazz
576,jazz\jazz.651.jpeg,jazz
577,jazz\jazz.652.jpeg,jazz
578,jazz\jazz.653.jpeg,jazz
579,jazz\jazz.654.jpeg,jazz
580,jazz\jazz.655.jpeg,jazz
581,jazz\jazz.657.jpeg,jazz
582,jazz\jazz.658.jpeg,jazz
583,jazz\jazz.659.jpeg,jazz
584,jazz\jazz.66.jpeg,jazz
585,jazz\jazz.660.jpeg,jazz
586,jazz\jazz.661.jpeg,jazz
587,jazz\jazz.662.jpeg,jazz
588,jazz\jazz.663.jpeg,jazz
589,jazz\jazz.664.jpeg,jazz
590,jazz\jazz.665.jpeg,jazz
591,jazz\jazz.666.jpeg,jazz
592,jazz\jazz.667.jpeg,jazz
593,jazz\jazz.669.jpeg,jazz
594,jazz\jazz.670.jpeg,jazz
595,jazz\jazz.671.jpeg,jazz
596,jazz\jazz.672.jpeg,jazz
597,jazz\jazz.673.jpeg,jazz
598,jazz\jazz.674.jpeg,jazz
599,jazz\jazz.675.jpeg,jazz
600,jazz\jazz.676.jpeg,jazz
601,jazz\jazz.677.jpeg,jazz
602,jazz\jazz.678.jpeg,jazz
603,jazz\jazz.679.jpeg,jazz
604,jazz\jazz.68.jpeg,jazz
605,jazz\jazz.680.jpeg,jazz
606,jazz\jazz.681.jpeg,jazz
607,jazz\jazz.682.jpeg,jazz
608,jazz\jazz.683.jpeg,jazz
609,jazz\jazz.684.jpeg,jazz
610,jazz\jazz.686.jpeg,jazz
611,jazz\jazz.687.jpeg,jazz
612,jazz\jazz.688.jpeg,jazz
613,jazz\jazz.689.jpeg,jazz
614,jazz\jazz.69.jpeg,jazz
615,jazz\jazz.690.jpeg,jazz
616,jazz\jazz.691.jpeg,jazz
617,jazz\jazz.692.jpeg,jazz
618,jazz\jazz.693.jpeg,jazz
619,jazz\jazz.694.jpeg,jazz
620,jazz\jazz.695.jpeg,jazz
621,jazz\jazz.696.jpeg,jazz
622,jazz\jazz.697.jpeg,jazz
623,jazz\jazz.699.jpeg,jazz
624,jazz\jazz.7.jpeg,jazz
625,jazz\jazz.70.jpeg,jazz
626,jazz\jazz.700.jpeg,jazz
627,jazz\jazz.701.jpeg,jazz
628,jazz\jazz.702.jpeg,jazz
629,jazz\jazz.703.jpeg,jazz
630,jazz\jazz.704.jpeg,jazz
631,jazz\jazz.705.jpeg,jazz
632,jazz\jazz.706.jpeg,jazz
633,jazz\jazz.707.jpeg,jazz
634,jazz\jazz.708.jpeg,jazz
635,jazz\jazz.709.jpeg,jazz
636,jazz\jazz.71.jpeg,jazz
637,jazz\jazz.710.jpeg,jazz
638,jazz\jazz.712.jpeg,jazz
639,jazz\jazz.713.jpeg,jazz
640,jazz\jazz.714.jpeg,jazz
641,jazz\jazz.716.jpeg,jazz
642,jazz\jazz.717.jpeg,jazz
643,jazz\jazz.718.jpeg,jazz
644,jazz\jazz.719.jpeg,jazz
645,jazz\jazz.72.jpeg,jazz
646,jazz\jazz.720.jpeg,jazz
647,jazz\jazz.721.jpeg,jazz
648,jazz\jazz.722.jpeg,jazz
649,jazz\jazz.723.jpeg,jazz
650,jazz\jazz.724.jpeg,jazz
651,jazz\jazz.725.jpeg,jazz
652,jazz\jazz.726.jpeg,jazz
653,jazz\jazz.727.jpeg,jazz
654,jazz\jazz.728.jpeg,jazz
655,jazz\jazz.729.jpeg,jazz
656,jazz\jazz.73.jpeg,jazz
657,jazz\jazz.730.jpeg,jazz
658,jazz\jazz.731.jpeg,jazz
659,jazz\jazz.732.jpeg,jazz
660,jazz\jazz.733.jpeg,jazz
661,jazz\jazz.734.jpeg,jazz
662,jazz\jazz.735.jpeg,jazz
663,jazz\jazz.736.jpeg,jazz
664,jazz\jazz.738.jpeg,jazz
665,jazz\jazz.739.jpeg,jazz
666,jazz\jazz.74.jpeg,jazz
667,jazz\jazz.740.jpeg,jazz
668,jazz\jazz.741.jpeg,jazz
669,jazz\jazz.742.jpeg,jazz
670,jazz\jazz.743.jpeg,jazz
671,jazz\jazz.744.jpeg,jazz
672,jazz\jazz.745.jpeg,jazz
673,jazz\jazz.746.jpeg,jazz
674,jazz\jazz.749.jpeg,jazz
675,jazz\jazz.750.jpeg,jazz
676,jazz\jazz.751.jpeg,jazz
677,jazz\jazz.752.jpeg,jazz
678,jazz\jazz.753.jpeg,jazz
679,jazz\jazz.754.jpeg,jazz
680,jazz\jazz.755.jpeg,jazz
681,jazz\jazz.756.jpeg,jazz
682,jazz\jazz.757.jpeg,jazz
683,jazz\jazz.758.jpeg,jazz
684,jazz\jazz.759.jpeg,jazz
685,jazz\jazz.76.jpeg,jazz
686,jazz\jazz.760.jpeg,jazz
687,jazz\jazz.761.jpeg,jazz
688,jazz\jazz.762.jpeg,jazz
689,jazz\jazz.763.jpeg,jazz
690,jazz\jazz.764.jpeg,jazz
691,jazz\jazz.765.jpeg,jazz
692,jazz\jazz.766.jpeg,jazz
693,jazz\jazz.768.jpeg,jazz
694,jazz\jazz.769.jpeg,jazz
695,jazz\jazz.770.jpeg,jazz
696,jazz\jazz.771.jpeg,jazz
697,jazz\jazz.772.jpeg,jazz
698,jazz\jazz.773.jpeg,jazz
699,jazz\jazz.774.jpeg,jazz
700,jazz\jazz.775.jpeg,jazz
701,jazz\jazz.776.jpeg,jazz
702,jazz\jazz.777.jpeg,jazz
703,jazz\jazz.778.jpeg,jazz
704,jazz\jazz.779.jpeg,jazz
705,jazz\jazz.78.jpeg,jazz
706,jazz\jazz.780.jpeg,jazz
707,jazz\jazz.781.jpeg,jazz
708,jazz\jazz.782.jpeg,jazz
709,jazz\jazz.783.jpeg,jazz
710,jazz\jazz.784.jpeg,jazz
711,jazz\jazz.785.jpeg,jazz
712,jazz\jazz.786.jpeg,jazz
713,jazz\jazz.787.jpeg,jazz
714,jazz\jazz.788.jpeg,jazz
715,jazz\jazz.789.jpeg,jazz
716,jazz\jazz.79.jpeg,jazz
717,jazz\jazz.790.jpeg,jazz
718,jazz\jazz.791.jpeg,jazz
719,jazz\jazz.792.jpeg,jazz
720,jazz\jazz.793.jpeg,jazz
721,jazz\jazz.794.jpeg,jazz
722,jazz\jazz.795.jpeg,jazz
723,jazz\jazz.796.jpeg,jazz
724,jazz\jazz.797.jpeg,jazz
725,jazz\jazz.798.jpeg,jazz
726,jazz\jazz.799.jpeg,jazz
727,jazz\jazz.80.jpeg,jazz
728,jazz\jazz.800.jpeg,jazz
729,jazz\jazz.801.jpeg,jazz
730,jazz\jazz.802.jpeg,jazz
731,jazz\jazz.803.jpeg,jazz
732,jazz\jazz.804.jpeg,jazz
733,jazz\jazz.805.jpeg,jazz
734,jazz\jazz.806.jpeg,jazz
735,jazz\jazz.807.jpeg,jazz
736,jazz\jazz.808.jpeg,jazz
737,jazz\jazz.809.jpeg,jazz
738,jazz\jazz.810.jpeg,jazz
739,jazz\jazz.811.jpeg,jazz
740,jazz\jazz.812.jpeg,jazz
741,jazz\jazz.813.jpeg,jazz
742,jazz\jazz.814.jpeg,jazz
743,jazz\jazz.815.jpeg,jazz
744,jazz\jazz.816.jpeg,jazz
745,jazz\jazz.817.jpeg,jazz
746,jazz\jazz.818.jpeg,jazz
747,jazz\jazz.819.jpeg,jazz
748,jazz\jazz.820.jpeg,jazz
749,jazz\jazz.821.jpeg,jazz
750,jazz\jazz.822.jpeg,jazz
751,jazz\jazz.823.jpeg,jazz
752,jazz\jazz.824.jpeg,jazz
753,jazz\jazz.825.jpeg,jazz
754,jazz\jazz.826.jpeg,jazz
755,jazz\jazz.827.jpeg,jazz
756,jazz\jazz.828.jpeg,jazz
757,jazz\jazz.829.jpeg,jazz
758,jazz\jazz.83.jpeg,jazz
759,jazz\jazz.830.jpeg,jazz
760,jazz\jazz.831.jpeg,jazz
761,jazz\jazz.832.jpeg,jazz
762,jazz\jazz.833.jpeg,jazz
763,jazz\jazz.834.jpeg,jazz
764,jazz\jazz.835.jpeg,jazz
765,jazz\jazz.836.jpeg,jazz
766,jazz\jazz.838.jpeg,jazz
767,jazz\jazz.839.jpeg,jazz
768,jazz\jazz.840.jpeg,jazz
769,jazz\jazz.841.jpeg,jazz
770,jazz\jazz.842.jpeg,jazz
771,jazz\jazz.843.jpeg,jazz
772,jazz\jazz.845.jpeg,jazz
773,jazz\jazz.846.jpeg,jazz
774,jazz\jazz.847.jpeg,jazz
775,jazz\jazz.848.jpeg,jazz
776,jazz\jazz.849.jpeg,jazz
777,jazz\jazz.85.jpeg,jazz
778,jazz\jazz.850.jpeg,jazz
779,jazz\jazz.851.jpeg,jazz
780,jazz\jazz.852.jpeg,jazz
781,jazz\jazz.854.jpeg,jazz
782,jazz\jazz.855.jpeg,jazz
783,jazz\jazz.856.jpeg,jazz
784,jazz\jazz.858.jpeg,jazz
785,jazz\jazz.859.jpeg,jazz
786,jazz\jazz.86.jpeg,jazz
787,jazz\jazz.861.jpeg,jazz
788,jazz\jazz.862.jpeg,jazz
789,jazz\jazz.863.jpeg,jazz
790,jazz\jazz.864.jpeg,jazz
791,jazz\jazz.865.jpeg,jazz
792,jazz\jazz.867.jpeg,jazz
793,jazz\jazz.868.jpeg,jazz
794,jazz\jazz.869.jpeg,jazz
795,jazz\jazz.87.jpeg,jazz
796,jazz\jazz.870.jpeg,jazz
797,jazz\jazz.871.jpeg,jazz
798,jazz\jazz.872.jpeg,jazz
799,jazz\jazz.873.jpeg,jazz
800,jazz\jazz.874.jpeg,jazz
801,jazz\jazz.875.jpeg,jazz
802,jazz\jazz.877.jpeg,jazz
803,jazz\jazz.878.jpeg,jazz
804,jazz\jazz.879.jpeg,jazz
805,jazz\jazz.88.jpeg,jazz
806,jazz\jazz.880.jpeg,jazz
807,jazz\jazz.882.jpeg,jazz
808,jazz\jazz.883.jpeg,jazz
809,jazz\jazz.884.jpeg,jazz
810,jazz\jazz.885.jpeg,jazz
811,jazz\jazz.886.jpeg,jazz
812,jazz\jazz.887.jpeg,jazz
813,jazz\jazz.888.jpeg,jazz
814,jazz\jazz.889.jpeg,jazz
815,jazz\jazz.89.jpeg,jazz
816,jazz\jazz.890.jpeg,jazz
817,jazz\jazz.891.jpeg,jazz
818,jazz\jazz.892.jpeg,jazz
819,jazz\jazz.893.jpeg,jazz
820,jazz\jazz.894.jpeg,jazz
821,jazz\jazz.895.jpeg,jazz
822,jazz\jazz.896.jpeg,jazz
823,jazz\jazz.897.jpeg,jazz
824,jazz\jazz.898.jpeg,jazz
825,jazz\jazz.899.jpeg,jazz
826,jazz\jazz.90.jpeg,jazz
827,jazz\jazz.900.jpeg,jazz
828,jazz\jazz.902.jpeg,jazz
829,jazz\jazz.903.jpeg,jazz
830,jazz\jazz.904.jpeg,jazz
831,jazz\jazz.905.jpeg,jazz
832,jazz\jazz.906.jpeg,jazz
833,jazz\jazz.907.jpeg,jazz
834,jazz\jazz.909.jpeg,jazz
835,jazz\jazz.91.jpeg,jazz
836,jazz\jazz.911.jpeg,jazz
837,jazz\jazz.912.jpeg,jazz
838,jazz\jazz.913.jpeg,jazz
839,jazz\jazz.915.jpeg,jazz
840,jazz\jazz.916.jpeg,jazz
841,jazz\jazz.917.jpeg,jazz
842,jazz\jazz.918.jpeg,jazz
843,jazz\jazz.919.jpeg,jazz
844,jazz\jazz.920.jpeg,jazz
845,jazz\jazz.921.jpeg,jazz
846,jazz\jazz.922.jpeg,jazz
847,jazz\jazz.923.jpeg,jazz
848,jazz\jazz.924.jpeg,jazz
849,jazz\jazz.925.jpeg,jazz
850,jazz\jazz.927.jpeg,jazz
851,jazz\jazz.928.jpeg,jazz
852,jazz\jazz.929.jpeg,jazz
853,jazz\jazz.930.jpeg,jazz
854,jazz\jazz.931.jpeg,jazz
855,jazz\jazz.932.jpeg,jazz
856,jazz\jazz.933.jpeg,jazz
857,jazz\jazz.934.jpeg,jazz
858,jazz\jazz.935.jpeg,jazz
859,jazz\jazz.936.jpeg,jazz
860,jazz\jazz.937.jpeg,jazz
861,jazz\jazz.938.jpeg,jazz
862,jazz\jazz.939.jpeg,jazz
863,jazz\jazz.94.jpeg,jazz
864,jazz\jazz.940.jpeg,jazz
865,jazz\jazz.941.jpeg,jazz
866,jazz\jazz.942.jpeg,jazz
867,jazz\jazz.943.jpeg,jazz
868,jazz\jazz.944.jpeg,jazz
869,jazz\jazz.945.jpeg,jazz
870,jazz\jazz.946.jpeg,jazz
871,jazz\jazz.947.jpeg,jazz
872,jazz\jazz.948.jpeg,jazz
873,jazz\jazz.949.jpeg,jazz
874,jazz\jazz.95.jpeg,jazz
875,jazz\jazz.950.jpeg,jazz
876,jazz\jazz.951.jpeg,jazz
877,jazz\jazz.952.jpeg,jazz
878,jazz\jazz.953.jpeg,jazz
879,jazz\jazz.954.jpeg,jazz
880,jazz\jazz.955.jpeg,jazz
881,jazz\jazz.956.jpeg,jazz
882,jazz\jazz.957.jpeg,jazz
883,jazz\jazz.959.jpeg,jazz
884,jazz\jazz.96.jpeg,jazz
885,jazz\jazz.960.jpeg,jazz
886,jazz\jazz.961.jpeg,jazz
887,jazz\jazz.962.jpeg,jazz
888,jazz\jazz.963.jpeg,jazz
889,jazz\jazz.964.jpeg,jazz
890,jazz\jazz.966.jpeg,jazz
891,jazz\jazz.967.jpeg,jazz
892,jazz\jazz.968.jpeg,jazz
893,jazz\jazz.969.jpeg,jazz
894,jazz\jazz.97.jpeg,jazz
895,jazz\jazz.970.jpeg,jazz
896,jazz\jazz.972.jpeg,jazz
897,jazz\jazz.973.jpeg,jazz
898,jazz\jazz.974.jpeg,jazz
899,jazz\jazz.975.jpeg,jazz
900,jazz\jazz.976.jpeg,jazz
901,jazz\jazz.978.jpeg,jazz
902,jazz\jazz.979.jpeg,jazz
903,jazz\jazz.98.jpeg,jazz
904,jazz\jazz.980.jpeg,jazz
905,jazz\jazz.982.jpeg,jazz
906,jazz\jazz.983.jpeg,jazz
907,jazz\jazz.985.jpeg,jazz
908,jazz\jazz.986.jpeg,jazz
909,jazz\jazz.987.jpeg,jazz
910,jazz\jazz.988.jpeg,jazz
911,jazz\jazz.989.jpeg,jazz
912,jazz\jazz.99.jpeg,jazz
913,jazz\jazz.990.jpeg,jazz
914,jazz\jazz.991.jpeg,jazz
915,jazz\jazz.993.jpeg,jazz
916,jazz\jazz.994.jpeg,jazz
917,jazz\jazz.995.jpeg,jazz
918,jazz\jazz.996.jpeg,jazz
919,jazz\jazz.997.jpeg,jazz
920,jazz\jazz.998.jpeg,jazz
921,jazz\jazz.999.jpeg,jazz
922,rock\rock.1.jpeg,rock
923,rock\rock.10.jpeg,rock
924,rock\rock.100.jpeg,rock
925,rock\rock.1000.jpeg,rock
926,rock\rock.101.jpeg,rock
927,rock\rock.102.jpeg,rock
928,rock\rock.103.jpeg,rock
929,rock\rock.104.jpeg,rock
930,rock\rock.105.jpeg,rock
931,rock\rock.106.jpeg,rock
932,rock\rock.108.jpeg,rock
933,rock\rock.109.jpeg,rock
934,rock\rock.11.jpeg,rock
935,rock\rock.110.jpeg,rock
936,rock\rock.111.jpeg,rock
937,rock\rock.112.jpeg,rock
938,rock\rock.113.jpeg,rock
939,rock\rock.114.jpeg,rock
940,rock\rock.115.jpeg,rock
941,rock\rock.116.jpeg,rock
942,rock\rock.117.jpeg,rock
943,rock\rock.118.jpeg,rock
944,rock\rock.119.jpeg,rock
945,rock\rock.12.jpeg,rock
946,rock\rock.120.jpeg,rock
947,rock\rock.121.jpeg,rock
948,rock\rock.122.jpeg,rock
949,rock\rock.123.jpeg,rock
950,rock\rock.124.jpeg,rock
951,rock\rock.126.jpeg,rock
952,rock\rock.127.jpeg,rock
953,rock\rock.128.jpeg,rock
954,rock\rock.129.jpeg,rock
955,rock\rock.13.jpeg,rock
956,rock\rock.130.jpeg,rock
957,rock\rock.131.jpeg,rock
958,rock\rock.132.jpeg,rock
959,rock\rock.133.jpeg,rock
960,rock\rock.134.jpeg,rock
961,rock\rock.135.jpeg,rock
962,rock\rock.136.jpeg,rock
963,rock\rock.137.jpeg,rock
964,rock\rock.138.jpeg,rock
965,rock\rock.139.jpeg,rock
966,rock\rock.14.jpeg,rock
967,rock\rock.140.jpeg,rock
968,rock\rock.141.jpeg,rock
969,rock\rock.142.jpeg,rock
970,rock\rock.143.jpeg,rock
971,rock\rock.144.jpeg,rock
972,rock\rock.145.jpeg,rock
973,rock\rock.146.jpeg,rock
974,rock\rock.147.jpeg,rock
975,rock\rock.148.jpeg,rock
976,rock\rock.149.jpeg,rock
977,rock\rock.15.jpeg,rock
978,rock\rock.150.jpeg,rock
979,rock\rock.151.jpeg,rock
980,rock\rock.152.jpeg,rock
981,rock\rock.153.jpeg,rock
982,rock\rock.154.jpeg,rock
983,rock\rock.155.jpeg,rock
984,rock\rock.156.jpeg,rock
985,rock\rock.157.jpeg,rock
986,rock\rock.158.jpeg,rock
987,rock\rock.159.jpeg,rock
988,rock\rock.16.jpeg,rock
989,rock\rock.160.jpeg,rock
990,rock\rock.161.jpeg,rock
991,rock\rock.162.jpeg,rock
992,rock\rock.163.jpeg,rock
993,rock\rock.164.jpeg,rock
994,rock\rock.165.jpeg,rock
995,rock\rock.166.jpeg,rock
996,rock\rock.167.jpeg,rock
997,rock\rock.168.jpeg,rock
998,rock\rock.169.jpeg,rock
999,rock\rock.17.jpeg,rock
1000,rock\rock.170.jpeg,rock
1001,rock\rock.171.jpeg,rock
1002,rock\rock.172.jpeg,rock
1003,rock\rock.173.jpeg,rock
1004,rock\rock.174.jpeg,rock
1005,rock\rock.175.jpeg,rock
1006,rock\rock.176.jpeg,rock
1007,rock\rock.177.jpeg,rock
1008,rock\rock.178.jpeg,rock
1009,rock\rock.179.jpeg,rock
1010,rock\rock.18.jpeg,rock
1011,rock\rock.180.jpeg,rock
1012,rock\rock.181.jpeg,rock
1013,rock\rock.182.jpeg,rock
1014,rock\rock.183.jpeg,rock
1015,rock\rock.184.jpeg,rock
1016,rock\rock.185.jpeg,rock
1017,rock\rock.186.jpeg,rock
1018,rock\rock.187.jpeg,rock
1019,rock\rock.188.jpeg,rock
1020,rock\rock.189.jpeg,rock
1021,rock\rock.19.jpeg,rock
1022,rock\rock.190.jpeg,rock
1023,rock\rock.191.jpeg,rock
1024,rock\rock.193.jpeg,rock
1025,rock\rock.194.jpeg,rock
1026,rock\rock.195.jpeg,rock
1027,rock\rock.196.jpeg,rock
1028,rock\rock.197.jpeg,rock
1029,rock\rock.198.jpeg,rock
1030,rock\rock.199.jpeg,rock
1031,rock\rock.2.jpeg,rock
1032,rock\rock.20.jpeg,rock
1033,rock\rock.200.jpeg,rock
1034,rock\rock.201.jpeg,rock
1035,rock\rock.202.jpeg,rock
1036,rock\rock.203.jpeg,rock
1037,rock\rock.204.jpeg,rock
1038,rock\rock.205.jpeg,rock
1039,rock\rock.206.jpeg,rock
1040,rock\rock.207.jpeg,rock
1041,rock\rock.208.jpeg,rock
1042,rock\rock.209.jpeg,rock
1043,rock\rock.21.jpeg,rock
1044,rock\rock.210.jpeg,rock
1045,rock\rock.211.jpeg,rock
1046,rock\rock.212.jpeg,rock
1047,rock\rock.213.jpeg,rock
1048,rock\rock.214.jpeg,rock
1049,rock\rock.215.jpeg,rock
1050,rock\rock.216.jpeg,rock
1051,rock\rock.217.jpeg,rock
1052,rock\rock.218.jpeg,rock
1053,rock\rock.219.jpeg,rock
1054,rock\rock.22.jpeg,rock
1055,rock\rock.220.jpeg,rock
1056,rock\rock.221.jpeg,rock
1057,rock\rock.222.jpeg,rock
1058,rock\rock.223.jpeg,rock
1059,rock\rock.224.jpeg,rock
1060,rock\rock.225.jpeg,rock
1061,rock\rock.226.jpeg,rock
1062,rock\rock.227.jpeg,rock
1063,rock\rock.228.jpeg,rock
1064,rock\rock.229.jpeg,rock
1065,rock\rock.23.jpeg,rock
1066,rock\rock.230.jpeg,rock
1067,rock\rock.231.jpeg,rock
1068,rock\rock.232.jpeg,rock
1069,rock\rock.233.jpeg,rock
1070,rock\rock.234.jpeg,rock
1071,rock\rock.235.jpeg,rock
1072,rock\rock.236.jpeg,rock
1073,rock\rock.238.jpeg,rock
1074,rock\rock.239.jpeg,rock
1075,rock\rock.24.jpeg,rock
1076,rock\rock.240.jpeg,rock
1077,rock\rock.241.jpeg,rock
1078,rock\rock.242.jpeg,rock
1079,rock\rock.243.jpeg,rock
1080,rock\rock.244.jpeg,rock
1081,rock\rock.245.jpeg,rock
1082,rock\rock.246.jpeg,rock
1083,rock\rock.247.jpeg,rock
1084,rock\rock.248.jpeg,rock
1085,rock\rock.249.jpeg,rock
1086,rock\rock.25.jpeg,rock
1087,rock\rock.250.jpeg,rock
1088,rock\rock.251.jpeg,rock
1089,rock\rock.252.jpeg,rock
1090,rock\rock.253.jpeg,rock
1091,rock\rock.254.jpeg,rock
1092,rock\rock.255.jpeg,rock
1093,rock\rock.256.jpeg,rock
1094,rock\rock.257.jpeg,rock
1095,rock\rock.258.jpeg,rock
1096,rock\rock.259.jpeg,rock
1097,rock\rock.26.jpeg,rock
1098,rock\rock.260.jpeg,rock
1099,rock\rock.261.jpeg,rock
1100,rock\rock.262.jpeg,rock
1101,rock\rock.263.jpeg,rock
1102,rock\rock.264.jpeg,rock
1103,rock\rock.265.jpeg,rock
1104,rock\rock.266.jpeg,rock
1105,rock\rock.267.jpeg,rock
1106,rock\rock.268.jpeg,rock
1107,rock\rock.269.jpeg,rock
1108,rock\rock.27.jpeg,rock
1109,rock\rock.270.jpeg,rock
1110,rock\rock.271.jpeg,rock
1111,rock\rock.272.jpeg,rock
1112,rock\rock.273.jpeg,rock
1113,rock\rock.274.jpeg,rock
1114,rock\rock.275.jpeg,rock
1115,rock\rock.276.jpeg,rock
1116,rock\rock.277.jpeg,rock
1117,rock\rock.278.jpeg,rock
1118,rock\rock.279.jpeg,rock
1119,rock\rock.28.jpeg,rock
1120,rock\rock.280.jpeg,rock
1121,rock\rock.281.jpeg,rock
1122,rock\rock.282.jpeg,rock
1123,rock\rock.283.jpeg,rock
1124,rock\rock.284.jpeg,rock
1125,rock\rock.285.jpeg,rock
1126,rock\rock.286.jpeg,rock
1127,rock\rock.287.jpeg,rock
1128,rock\rock.288.jpeg,rock
1129,rock\rock.289.jpeg,rock
1130,rock\rock.29.jpeg,rock
1131,rock\rock.290.jpeg,rock
1132,rock\rock.291.jpeg,rock
1133,rock\rock.292.jpeg,rock
1134,rock\rock.293.jpeg,rock
1135,rock\rock.294.jpeg,rock
1136,rock\rock.295.jpeg,rock
1137,rock\rock.296.jpeg,rock
1138,rock\rock.297.jpeg,rock
1139,rock\rock.298.jpeg,rock
1140,rock\rock.299.jpeg,rock
1141,rock\rock.3.jpeg,rock
1142,rock\rock.30.jpeg,rock
1143,rock\rock.300.jpeg,rock
1144,rock\rock.301.jpeg,rock
1145,rock\rock.302.jpeg,rock
1146,rock\rock.303.jpeg,rock
1147,rock\rock.304.jpeg,rock
1148,rock\rock.305.jpeg,rock
1149,rock\rock.306.jpeg,rock
1150,rock\rock.307.jpeg,rock
1151,rock\rock.308.jpeg,rock
1152,rock\rock.309.jpeg,rock
1153,rock\rock.31.jpeg,rock
1154,rock\rock.310.jpeg,rock
1155,rock\rock.311.jpeg,rock
1156,rock\rock.312.jpeg,rock
1157,rock\rock.313.jpeg,rock
1158,rock\rock.314.jpeg,rock
1159,rock\rock.315.jpeg,rock
1160,rock\rock.316.jpeg,rock
1161,rock\rock.317.jpeg,rock
1162,rock\rock.318.jpeg,rock
1163,rock\rock.319.jpeg,rock
1164,rock\rock.32.jpeg,rock
1165,rock\rock.320.jpeg,rock
1166,rock\rock.321.jpeg,rock
1167,rock\rock.322.jpeg,rock
1168,rock\rock.323.jpeg,rock
1169,rock\rock.324.jpeg,rock
1170,rock\rock.325.jpeg,rock
1171,rock\rock.326.jpeg,rock
1172,rock\rock.327.jpeg,rock
1173,rock\rock.328.jpeg,rock
1174,rock\rock.329.jpeg,rock
1175,rock\rock.33.jpeg,rock
1176,rock\rock.330.jpeg,rock
1177,rock\rock.331.jpeg,rock
1178,rock\rock.332.jpeg,rock
1179,rock\rock.333.jpeg,rock
1180,rock\rock.334.jpeg,rock
1181,rock\rock.335.jpeg,rock
1182,rock\rock.336.jpeg,rock
1183,rock\rock.337.jpeg,rock
1184,rock\rock.338.jpeg,rock
1185,rock\rock.339.jpeg,rock
1186,rock\rock.34.jpeg,rock
1187,rock\rock.340.jpeg,rock
1188,rock\rock.341.jpeg,rock
1189,rock\rock.342.jpeg,rock
1190,rock\rock.343.jpeg,rock
1191,rock\rock.344.jpeg,rock
1192,rock\rock.345.jpeg,rock
1193,rock\rock.346.jpeg,rock
1194,rock\rock.347.jpeg,rock
1195,rock\rock.348.jpeg,rock
1196,rock\rock.349.jpeg,rock
1197,rock\rock.35.jpeg,rock
1198,rock\rock.350.jpeg,rock
1199,rock\rock.351.jpeg,rock
1200,rock\rock.352.jpeg,rock
1201,rock\rock.353.jpeg,rock
1202,rock\rock.354.jpeg,rock
1203,rock\rock.355.jpeg,rock
1204,rock\rock.356.jpeg,rock
1205,rock\rock.357.jpeg,rock
1206,rock\rock.358.jpeg,rock
1207,rock\rock.359.jpeg,rock
1208,rock\rock.36.jpeg,rock
1209,rock\rock.360.jpeg,rock
1210,rock\rock.361.jpeg,rock
1211,rock\rock.362.jpeg,rock
1212,rock\rock.363.jpeg,rock
1213,rock\rock.364.jpeg,rock
1214,rock\rock.365.jpeg,rock
1215,rock\rock.366.jpeg,rock
1216,rock\rock.367.jpeg,rock
1217,rock\rock.368.jpeg,rock
1218,rock\rock.369.jpeg,rock
1219,rock\rock.37.jpeg,rock
1220,rock\rock.370.jpeg,rock
1221,rock\rock.371.jpeg,rock
1222,rock\rock.372.jpeg,rock
1223,rock\rock.373.jpeg,rock
1224,rock\rock.374.jpeg,rock
1225,rock\rock.375.jpeg,rock
1226,rock\rock.376.jpeg,rock
1227,rock\rock.377.jpeg,rock
1228,rock\rock.378.jpeg,rock
1229,rock\rock.379.jpeg,rock
1230,rock\rock.38.jpeg,rock
1231,rock\rock.380.jpeg,rock
1232,rock\rock.381.jpeg,rock
1233,rock\rock.382.jpeg,rock
1234,rock\rock.383.jpeg,rock
1235,rock\rock.384.jpeg,rock
1236,rock\rock.385.jpeg,rock
1237,rock\rock.386.jpeg,rock
1238,rock\rock.387.jpeg,rock
1239,rock\rock.388.jpeg,rock
1240,rock\rock.389.jpeg,rock
1241,rock\rock.39.jpeg,rock
1242,rock\rock.390.jpeg,rock
1243,rock\rock.391.jpeg,rock
1244,rock\rock.392.jpeg,rock
1245,rock\rock.393.jpeg,rock
1246,rock\rock.394.jpeg,rock
1247,rock\rock.395.jpeg,rock
1248,rock\rock.396.jpeg,rock
1249,rock\rock.397.jpeg,rock
1250,rock\rock.398.jpeg,rock
1251,rock\rock.4.jpeg,rock
1252,rock\rock.40.jpeg,rock
1253,rock\rock.400.jpeg,rock
1254,rock\rock.401.jpeg,rock
1255,rock\rock.402.jpeg,rock
1256,rock\rock.403.jpeg,rock
1257,rock\rock.404.jpeg,rock
1258,rock\rock.405.jpeg,rock
1259,rock\rock.406.jpeg,rock
1260,rock\rock.407.jpeg,rock
1261,rock\rock.408.jpeg,rock
1262,rock\rock.409.jpeg,rock
1263,rock\rock.41.jpeg,rock
1264,rock\rock.410.jpeg,rock
1265,rock\rock.411.jpeg,rock
1266,rock\rock.412.jpeg,rock
1267,rock\rock.413.jpeg,rock
1268,rock\rock.414.jpeg,rock
1269,rock\rock.415.jpeg,rock
1270,rock\rock.416.jpeg,rock
1271,rock\rock.417.jpeg,rock
1272,rock\rock.418.jpeg,rock
1273,rock\rock.419.jpeg,rock
1274,rock\rock.42.jpeg,rock
1275,rock\rock.420.jpeg,rock
1276,rock\rock.421.jpeg,rock
1277,rock\rock.422.jpeg,rock
1278,rock\rock.423.jpeg,rock
1279,rock\rock.424.jpeg,rock
1280,rock\rock.425.jpeg,rock
1281,rock\rock.426.jpeg,rock
1282,rock\rock.427.jpeg,rock
1283,rock\rock.428.jpeg,rock
1284,rock\rock.429.jpeg,rock
1285,rock\rock.43.jpeg,rock
1286,rock\rock.430.jpeg,rock
1287,rock\rock.431.jpeg,rock
1288,rock\rock.432.jpeg,rock
1289,rock\rock.433.jpeg,rock
1290,rock\rock.434.jpeg,rock
1291,rock\rock.435.jpeg,rock
1292,rock\rock.436.jpeg,rock
1293,rock\rock.437.jpeg,rock
1294,rock\rock.438.jpeg,rock
1295,rock\rock.439.jpeg,rock
1296,rock\rock.44.jpeg,rock
1297,rock\rock.440.jpeg,rock
1298,rock\rock.441.jpeg,rock
1299,rock\rock.442.jpeg,rock
1300,rock\rock.443.jpeg,rock
1301,rock\rock.444.jpeg,rock
1302,rock\rock.445.jpeg,rock
1303,rock\rock.446.jpeg,rock
1304,rock\rock.447.jpeg,rock
1305,rock\rock.448.jpeg,rock
1306,rock\rock.449.jpeg,rock
1307,rock\rock.45.jpeg,rock
1308,rock\rock.450.jpeg,rock
1309,rock\rock.451.jpeg,rock
1310,rock\rock.452.jpeg,rock
1311,rock\rock.453.jpeg,rock
1312,rock\rock.454.jpeg,rock
1313,rock\rock.455.jpeg,rock
1314,rock\rock.456.jpeg,rock
1315,rock\rock.457.jpeg,rock
1316,rock\rock.458.jpeg,rock
1317,rock\rock.46.jpeg,rock
1318,rock\rock.460.jpeg,rock
1319,rock\rock.461.jpeg,rock
1320,rock\rock.462.jpeg,rock
1321,rock\rock.463.jpeg,rock
1322,rock\rock.464.jpeg,rock
1323,rock\rock.465.jpeg,rock
1324,rock\rock.466.jpeg,rock
1325,rock\rock.467.jpeg,rock
1326,rock\rock.468.jpeg,rock
1327,rock\rock.469.jpeg,rock
1328,rock\rock.47.jpeg,rock
1329,rock\rock.470.jpeg,rock
1330,rock\rock.471.jpeg,rock
1331,rock\rock.472.jpeg,rock
1332,rock\rock.473.jpeg,rock
1333,rock\rock.474.jpeg,rock
1334,rock\rock.475.jpeg,rock
1335,rock\rock.476.jpeg,rock
1336,rock\rock.477.jpeg,rock
1337,rock\rock.479.jpeg,rock
1338,rock\rock.48.jpeg,rock
1339,rock\rock.480.jpeg,rock
1340,rock\rock.481.jpeg,rock
1341,rock\rock.482.jpeg,rock
1342,rock\rock.483.jpeg,rock
1343,rock\rock.484.jpeg,rock
1344,rock\rock.485.jpeg,rock
1345,rock\rock.486.jpeg,rock
1346,rock\rock.487.jpeg,rock
1347,rock\rock.488.jpeg,rock
1348,rock\rock.489.jpeg,rock
1349,rock\rock.49.jpeg,rock
1350,rock\rock.490.jpeg,rock
1351,rock\rock.491.jpeg,rock
1352,rock\rock.492.jpeg,rock
1353,rock\rock.493.jpeg,rock
1354,rock\rock.494.jpeg,rock
1355,rock\rock.495.jpeg,rock
1356,rock\rock.496.jpeg,rock
1357,rock\rock.497.jpeg,rock
1358,rock\rock.498.jpeg,rock
1359,rock\rock.499.jpeg,rock
1360,rock\rock.5.jpeg,rock
1361,rock\rock.50.jpeg,rock
1362,rock\rock.500.jpeg,rock
1363,rock\rock.501.jpeg,rock
1364,rock\rock.502.jpeg,rock
1365,rock\rock.503.jpeg,rock
1366,rock\rock.504.jpeg,rock
1367,rock\rock.505.jpeg,rock
1368,rock\rock.506.jpeg,rock
1369,rock\rock.507.jpeg,rock
1370,rock\rock.508.jpeg,rock
1371,rock\rock.509.jpeg,rock
1372,rock\rock.51.jpeg,rock
1373,rock\rock.510.jpeg,rock
1374,rock\rock.511.jpeg,rock
1375,rock\rock.512.jpeg,rock
1376,rock\rock.513.jpeg,rock
1377,rock\rock.514.jpeg,rock
1378,rock\rock.515.jpeg,rock
1379,rock\rock.516.jpeg,rock
1380,rock\rock.517.jpeg,rock
1381,rock\rock.518.jpeg,rock
1382,rock\rock.52.jpeg,rock
1383,rock\rock.520.jpeg,rock
1384,rock\rock.521.jpeg,rock
1385,rock\rock.522.jpeg,rock
1386,rock\rock.523.jpeg,rock
1387,rock\rock.524.jpeg,rock
1388,rock\rock.525.jpeg,rock
1389,rock\rock.526.jpeg,rock
1390,rock\rock.527.jpeg,rock
1391,rock\rock.528.jpeg,rock
1392,rock\rock.529.jpeg,rock
1393,rock\rock.53.jpeg,rock
1394,rock\rock.530.jpeg,rock
1395,rock\rock.531.jpeg,rock
1396,rock\rock.532.jpeg,rock
1397,rock\rock.533.jpeg,rock
1398,rock\rock.534.jpeg,rock
1399,rock\rock.535.jpeg,rock
1400,rock\rock.537.jpeg,rock
1401,rock\rock.538.jpeg,rock
1402,rock\rock.539.jpeg,rock
1403,rock\rock.54.jpeg,rock
1404,rock\rock.540.jpeg,rock
1405,rock\rock.541.jpeg,rock
1406,rock\rock.542.jpeg,rock
1407,rock\rock.543.jpeg,rock
1408,rock\rock.544.jpeg,rock
1409,rock\rock.545.jpeg,rock
1410,rock\rock.546.jpeg,rock
1411,rock\rock.547.jpeg,rock
1412,rock\rock.548.jpeg,rock
1413,rock\rock.549.jpeg,rock
1414,rock\rock.55.jpeg,rock
1415,rock\rock.550.jpeg,rock
1416,rock\rock.551.jpeg,rock
1417,rock\rock.552.jpeg,rock
1418,rock\rock.553.jpeg,rock
1419,rock\rock.554.jpeg,rock
1420,rock\rock.556.jpeg,rock
1421,rock\rock.557.jpeg,rock
1422,rock\rock.558.jpeg,rock
1423,rock\rock.559.jpeg,rock
1424,rock\rock.56.jpeg,rock
1425,rock\rock.560.jpeg,rock
1426,rock\rock.561.jpeg,rock
1427,rock\rock.562.jpeg,rock
1428,rock\rock.563.jpeg,rock
1429,rock\rock.564.jpeg,rock
1430,rock\rock.565.jpeg,rock
1431,rock\rock.566.jpeg,rock
1432,rock\rock.567.jpeg,rock
1433,rock\rock.568.jpeg,rock
1434,rock\rock.569.jpeg,rock
1435,rock\rock.57.jpeg,rock
1436,rock\rock.570.jpeg,rock
1437,rock\rock.571.jpeg,rock
1438,rock\rock.572.jpeg,rock
1439,rock\rock.573.jpeg,rock
1440,rock\rock.574.jpeg,rock
1441,rock\rock.575.jpeg,rock
1442,rock\rock.576.jpeg,rock
1443,rock\rock.577.jpeg,rock
1444,rock\rock.578.jpeg,rock
1445,rock\rock.579.jpeg,rock
1446,rock\rock.58.jpeg,rock
1447,rock\rock.580.jpeg,rock
1448,rock\rock.581.jpeg,rock
1449,rock\rock.583.jpeg,rock
1450,rock\rock.584.jpeg,rock
1451,rock\rock.585.jpeg,rock
1452,rock\rock.586.jpeg,rock
1453,rock\rock.587.jpeg,rock
1454,rock\rock.589.jpeg,rock
1455,rock\rock.59.jpeg,rock
1456,rock\rock.590.jpeg,rock
1457,rock\rock.591.jpeg,rock
1458,rock\rock.592.jpeg,rock
1459,rock\rock.593.jpeg,rock
1460,rock\rock.594.jpeg,rock
1461,rock\rock.595.jpeg,rock
1462,rock\rock.596.jpeg,rock
1463,rock\rock.598.jpeg,rock
1464,rock\rock.599.jpeg,rock
1465,rock\rock.6.jpeg,rock
1466,rock\rock.60.jpeg,rock
1467,rock\rock.600.jpeg,rock
1468,rock\rock.601.jpeg,rock
1469,rock\rock.602.jpeg,rock
1470,rock\rock.603.jpeg,rock
1471,rock\rock.604.jpeg,rock
1472,rock\rock.605.jpeg,rock
1473,rock\rock.606.jpeg,rock
1474,rock\rock.607.jpeg,rock
1475,rock\rock.609.jpeg,rock
1476,rock\rock.61.jpeg,rock
1477,rock\rock.610.jpeg,rock
1478,rock\rock.611.jpeg,rock
1479,rock\rock.612.jpeg,rock
1480,rock\rock.613.jpeg,rock
1481,rock\rock.614.jpeg,rock
1482,rock\rock.615.jpeg,rock
1483,rock\rock.616.jpeg,rock
1484,rock\rock.618.jpeg,rock
1485,rock\rock.619.jpeg,rock
1486,rock\rock.62.jpeg,rock
1487,rock\rock.620.jpeg,rock
1488,rock\rock.621.jpeg,rock
1489,rock\rock.622.jpeg,rock
1490,rock\rock.623.jpeg,rock
1491,rock\rock.625.jpeg,rock
1492,rock\rock.626.jpeg,rock
1493,rock\rock.627.jpeg,rock
1494,rock\rock.628.jpeg,rock
1495,rock\rock.629.jpeg,rock
1496,rock\rock.63.jpeg,rock
1497,rock\rock.630.jpeg,rock
1498,rock\rock.631.jpeg,rock
1499,rock\rock.632.jpeg,rock
1500,rock\rock.633.jpeg,rock
1501,rock\rock.634.jpeg,rock
1502,rock\rock.635.jpeg,rock
1503,rock\rock.636.jpeg,rock
1504,rock\rock.637.jpeg,rock
1505,rock\rock.638.jpeg,rock
1506,rock\rock.639.jpeg,rock
1507,rock\rock.64.jpeg,rock
1508,rock\rock.640.jpeg,rock
1509,rock\rock.641.jpeg,rock
1510,rock\rock.643.jpeg,rock
1511,rock\rock.644.jpeg,rock
1512,rock\rock.647.jpeg,rock
1513,rock\rock.648.jpeg,rock
1514,rock\rock.649.jpeg,rock
1515,rock\rock.65.jpeg,rock
1516,rock\rock.650.jpeg,rock
1517,rock\rock.651.jpeg,rock
1518,rock\rock.652.jpeg,rock
1519,rock\rock.654.jpeg,rock
1520,rock\rock.655.jpeg,rock
1521,rock\rock.656.jpeg,rock
1522,rock\rock.657.jpeg,rock
1523,rock\rock.658.jpeg,rock
1524,rock\rock.659.jpeg,rock
1525,rock\rock.66.jpeg,rock
1526,rock\rock.660.jpeg,rock
1527,rock\rock.661.jpeg,rock
1528,rock\rock.662.jpeg,rock
1529,rock\rock.663.jpeg,rock
1530,rock\rock.665.jpeg,rock
1531,rock\rock.666.jpeg,rock
1532,rock\rock.667.jpeg,rock
1533,rock\rock.668.jpeg,rock
1534,rock\rock.669.jpeg,rock
1535,rock\rock.67.jpeg,rock
1536,rock\rock.670.jpeg,rock
1537,rock\rock.671.jpeg,rock
1538,rock\rock.672.jpeg,rock
1539,rock\rock.673.jpeg,rock
1540,rock\rock.674.jpeg,rock
1541,rock\rock.675.jpeg,rock
1542,rock\rock.676.jpeg,rock
1543,rock\rock.677.jpeg,rock
1544,rock\rock.678.jpeg,rock
1545,rock\rock.679.jpeg,rock
1546,rock\rock.68.jpeg,rock
1547,rock\rock.680.jpeg,rock
1548,rock\rock.681.jpeg,rock
1549,rock\rock.682.jpeg,rock
1550,rock\rock.683.jpeg,rock
1551,rock\rock.684.jpeg,rock
1552,rock\rock.685.jpeg,rock
1553,rock\rock.686.jpeg,rock
1554,rock\rock.687.jpeg,rock
1555,rock\rock.688.jpeg,rock
1556,rock\rock.689.jpeg,rock
1557,rock\rock.69.jpeg,rock
1558,rock\rock.690.jpeg,rock
1559,rock\rock.691.jpeg,rock
1560,rock\rock.692.jpeg,rock
1561,rock\rock.693.jpeg,rock
1562,rock\rock.694.jpeg,rock
1563,rock\rock.695.jpeg,rock
1564,rock\rock.696.jpeg,rock
1565,rock\rock.697.jpeg,rock
1566,rock\rock.698.jpeg,rock
1567,rock\rock.699.jpeg,rock
1568,rock\rock.7.jpeg,rock
1569,rock\rock.70.jpeg,rock
1570,rock\rock.700.jpeg,rock
1571,rock\rock.701.jpeg,rock
1572,rock\rock.702.jpeg,rock
1573,rock\rock.703.jpeg,rock
1574,rock\rock.704.jpeg,rock
1575,rock\rock.705.jpeg,rock
1576,rock\rock.706.jpeg,rock
1577,rock\rock.707.jpeg,rock
1578,rock\rock.708.jpeg,rock
1579,rock\rock.709.jpeg,rock
1580,rock\rock.710.jpeg,rock
1581,rock\rock.711.jpeg,rock
1582,rock\rock.712.jpeg,rock
1583,rock\rock.713.jpeg,rock
1584,rock\rock.714.jpeg,rock
1585,rock\rock.715.jpeg,rock
1586,rock\rock.716.jpeg,rock
1587,rock\rock.717.jpeg,rock
1588,rock\rock.718.jpeg,rock
1589,rock\rock.719.jpeg,rock
1590,rock\rock.72.jpeg,rock
1591,rock\rock.720.jpeg,rock
1592,rock\rock.721.jpeg,rock
1593,rock\rock.722.jpeg,rock
1594,rock\rock.723.jpeg,rock
1595,rock\rock.724.jpeg,rock
1596,rock\rock.725.jpeg,rock
1597,rock\rock.726.jpeg,rock
1598,rock\rock.727.jpeg,rock
1599,rock\rock.728.jpeg,rock
1600,rock\rock.729.jpeg,rock
1601,rock\rock.73.jpeg,rock
1602,rock\rock.730.jpeg,rock
1603,rock\rock.731.jpeg,rock
1604,rock\rock.732.jpeg,rock
1605,rock\rock.733.jpeg,rock
1606,rock\rock.734.jpeg,rock
1607,rock\rock.735.jpeg,rock
1608,rock\rock.736.jpeg,rock
1609,rock\rock.737.jpeg,rock
1610,rock\rock.738.jpeg,rock
1611,rock\rock.739.jpeg,rock
1612,rock\rock.74.jpeg,rock
1613,rock\rock.740.jpeg,rock
1614,rock\rock.741.jpeg,rock
1615,rock\rock.742.jpeg,rock
1616,rock\rock.743.jpeg,rock
1617,rock\rock.744.jpeg,rock
1618,rock\rock.745.jpeg,rock
1619,rock\rock.746.jpeg,rock
1620,rock\rock.747.jpeg,rock
1621,rock\rock.748.jpeg,rock
1622,rock\rock.75.jpeg,rock
1623,rock\rock.750.jpeg,rock
1624,rock\rock.751.jpeg,rock
1625,rock\rock.752.jpeg,rock
1626,rock\rock.753.jpeg,rock
1627,rock\rock.754.jpeg,rock
1628,rock\rock.755.jpeg,rock
1629,rock\rock.756.jpeg,rock
1630,rock\rock.757.jpeg,rock
1631,rock\rock.758.jpeg,rock
1632,rock\rock.759.jpeg,rock
1633,rock\rock.76.jpeg,rock
1634,rock\rock.760.jpeg,rock
1635,rock\rock.762.jpeg,rock
1636,rock\rock.763.jpeg,rock
1637,rock\rock.764.jpeg,rock
1638,rock\rock.765.jpeg,rock
1639,rock\rock.766.jpeg,rock
1640,rock\rock.767.jpeg,rock
1641,rock\rock.768.jpeg,rock
1642,rock\rock.769.jpeg,rock
1643,rock\rock.77.jpeg,rock
1644,rock\rock.770.jpeg,rock
1645,rock\rock.771.jpeg,rock
1646,rock\rock.772.jpeg,rock
1647,rock\rock.773.jpeg,rock
1648,rock\rock.774.jpeg,rock
1649,rock\rock.775.jpeg,rock
1650,rock\rock.776.jpeg,rock
1651,rock\rock.777.jpeg,rock
1652,rock\rock.78.jpeg,rock
1653,rock\rock.780.jpeg,rock
1654,rock\rock.781.jpeg,rock
1655,rock\rock.782.jpeg,rock
1656,rock\rock.783.jpeg,rock
1657,rock\rock.784.jpeg,rock
1658,rock\rock.785.jpeg,rock
1659,rock\rock.786.jpeg,rock
1660,rock\rock.787.jpeg,rock
1661,rock\rock.788.jpeg,rock
1662,rock\rock.789.jpeg,rock
1663,rock\rock.79.jpeg,rock
1664,rock\rock.790.jpeg,rock
1665,rock\rock.791.jpeg,rock
1666,rock\rock.792.jpeg,rock
1667,rock\rock.793.jpeg,rock
1668,rock\rock.794.jpeg,rock
1669,rock\rock.795.jpeg,rock
1670,rock\rock.796.jpeg,rock
1671,rock\rock.797.jpeg,rock
1672,rock\rock.798.jpeg,rock
1673,rock\rock.799.jpeg,rock
1674,rock\rock.8.jpeg,rock
1675,rock\rock.80.jpeg,rock
1676,rock\rock.801.jpeg,rock
1677,rock\rock.803.jpeg,rock
1678,rock\rock.804.jpeg,rock
1679,rock\rock.805.jpeg,rock
1680,rock\rock.806.jpeg,rock
1681,rock\rock.807.jpeg,rock
1682,rock\rock.808.jpeg,rock
1683,rock\rock.809.jpeg,rock
1684,rock\rock.81.jpeg,rock
1685,rock\rock.810.jpeg,rock
1686,rock\rock.811.jpeg,rock
1687,rock\rock.813.jpeg,rock
1688,rock\rock.814.jpeg,rock
1689,rock\rock.815.jpeg,rock
1690,rock\rock.816.jpeg,rock
1691,rock\rock.817.jpeg,rock
1692,rock\rock.818.jpeg,rock
1693,rock\rock.819.jpeg,rock
1694,rock\rock.82.jpeg,rock
1695,rock\rock.820.jpeg,rock
1696,rock\rock.821.jpeg,rock
1697,rock\rock.822.jpeg,rock
1698,rock\rock.823.jpeg,rock
1699,rock\rock.824.jpeg,rock
1700,rock\rock.825.jpeg,rock
1701,rock\rock.826.jpeg,rock
1702,rock\rock.827.jpeg,rock
1703,rock\rock.828.jpeg,rock
1704,rock\rock.829.jpeg,rock
1705,rock\rock.83.jpeg,rock
1706,rock\rock.830.jpeg,rock
1707,rock\rock.831.jpeg,rock
1708,rock\rock.832.jpeg,rock
1709,rock\rock.833.jpeg,rock
1710,rock\rock.834.jpeg,rock
1711,rock\rock.835.jpeg,rock
1712,rock\rock.836.jpeg,rock
1713,rock\rock.837.jpeg,rock
1714,rock\rock.838.jpeg,rock
1715,rock\rock.839.jpeg,rock
1716,rock\rock.84.jpeg,rock
1717,rock\rock.840.jpeg,rock
1718,rock\rock.841.jpeg,rock
1719,rock\rock.842.jpeg,rock
1720,rock\rock.843.jpeg,rock
1721,rock\rock.844.jpeg,rock
1722,rock\rock.845.jpeg,rock
1723,rock\rock.846.jpeg,rock
1724,rock\rock.847.jpeg,rock
1725,rock\rock.848.jpeg,rock
1726,rock\rock.849.jpeg,rock
1727,rock\rock.85.jpeg,rock
1728,rock\rock.850.jpeg,rock
1729,rock\rock.851.jpeg,rock
1730,rock\rock.852.jpeg,rock
1731,rock\rock.853.jpeg,rock
1732,rock\rock.854.jpeg,rock
1733,rock\rock.855.jpeg,rock
1734,rock\rock.856.jpeg,rock
1735,rock\rock.857.jpeg,rock
1736,rock\rock.858.jpeg,rock
1737,rock\rock.86.jpeg,rock
1738,rock\rock.860.jpeg,rock
1739,rock\rock.861.jpeg,rock
1740,rock\rock.862.jpeg,rock
1741,rock\rock.863.jpeg,rock
1742,rock\rock.864.jpeg,rock
1743,rock\rock.865.jpeg,rock
1744,rock\rock.866.jpeg,rock
1745,rock\rock.867.jpeg,rock
1746,rock\rock.868.jpeg,rock
1747,rock\rock.869.jpeg,rock
1748,rock\rock.87.jpeg,rock
1749,rock\rock.870.jpeg,rock
1750,rock\rock.871.jpeg,rock
1751,rock\rock.872.jpeg,rock
1752,rock\rock.873.jpeg,rock
1753,rock\rock.874.jpeg,rock
1754,rock\rock.875.jpeg,rock
1755,rock\rock.876.jpeg,rock
1756,rock\rock.877.jpeg,rock
1757,rock\rock.878.jpeg,rock
1758,rock\rock.879.jpeg,rock
1759,rock\rock.88.jpeg,rock
1760,rock\rock.880.jpeg,rock
1761,rock\rock.881.jpeg,rock
1762,rock\rock.882.jpeg,rock
1763,rock\rock.883.jpeg,rock
1764,rock\rock.884.jpeg,rock
1765,rock\rock.885.jpeg,rock
1766,rock\rock.886.jpeg,rock
1767,rock\rock.887.jpeg,rock
1768,rock\rock.889.jpeg,rock
1769,rock\rock.89.jpeg,rock
1770,rock\rock.890.jpeg,rock
1771,rock\rock.891.jpeg,rock
1772,rock\rock.892.jpeg,rock
1773,rock\rock.893.jpeg,rock
1774,rock\rock.894.jpeg,rock
1775,rock\rock.895.jpeg,rock
1776,rock\rock.896.jpeg,rock
1777,rock\rock.897.jpeg,rock
1778,rock\rock.898.jpeg,rock
1779,rock\rock.899.jpeg,rock
1780,rock\rock.9.jpeg,rock
1781,rock\rock.90.jpeg,rock
1782,rock\rock.900.jpeg,rock
1783,rock\rock.901.jpeg,rock
1784,rock\rock.902.jpeg,rock
1785,rock\rock.903.jpeg,rock
1786,rock\rock.904.jpeg,rock
1787,rock\rock.905.jpeg,rock
1788,rock\rock.906.jpeg,rock
1789,rock\rock.908.jpeg,rock
1790,rock\rock.909.jpeg,rock
1791,rock\rock.91.jpeg,rock
1792,rock\rock.910.jpeg,rock
1793,rock\rock.911.jpeg,rock
1794,rock\rock.912.jpeg,rock
1795,rock\rock.913.jpeg,rock
1796,rock\rock.914.jpeg,rock
1797,rock\rock.915.jpeg,rock
1798,rock\rock.916.jpeg,rock
1799,rock\rock.917.jpeg,rock
1800,rock\rock.918.jpeg,rock
1801,rock\rock.92.jpeg,rock
1802,rock\rock.920.jpeg,rock
1803,rock\rock.921.jpeg,rock
1804,rock\rock.922.jpeg,rock
1805,rock\rock.923.jpeg,rock
1806,rock\rock.924.jpeg,rock
1807,rock\rock.925.jpeg,rock
1808,rock\rock.926.jpeg,rock
1809,rock\rock.927.jpeg,rock
1810,rock\rock.928.jpeg,rock
1811,rock\rock.929.jpeg,rock
1812,rock\rock.93.jpeg,rock
1813,rock\rock.930.jpeg,rock
1814,rock\rock.931.jpeg,rock
1815,rock\rock.932.jpeg,rock
1816,rock\rock.933.jpeg,rock
1817,rock\rock.934.jpeg,rock
1818,rock\rock.935.jpeg,rock
1819,rock\rock.936.jpeg,rock
1820,rock\rock.937.jpeg,rock
1821,rock\rock.938.jpeg,rock
1822,rock\rock.939.jpeg,rock
1823,rock\rock.94.jpeg,rock
1824,rock\rock.940.jpeg,rock
1825,rock\rock.941.jpeg,rock
1826,rock\rock.942.jpeg,rock
1827,rock\rock.943.jpeg,rock
1828,rock\rock.944.jpeg,rock
1829,rock\rock.945.jpeg,rock
1830,rock\rock.946.jpeg,rock
1831,rock\rock.947.jpeg,rock
1832,rock\rock.948.jpeg,rock
1833,rock\rock.949.jpeg,rock
1834,rock\rock.95.jpeg,rock
1835,rock\rock.950.jpeg,rock
1836,rock\rock.951.jpeg,rock
1837,rock\rock.953.jpeg,rock
1838,rock\rock.954.jpeg,rock
1839,rock\rock.955.jpeg,rock
1840,rock\rock.956.jpeg,rock
1841,rock\rock.957.jpeg,rock
1842,rock\rock.958.jpeg,rock
1843,rock\rock.959.jpeg,rock
1844,rock\rock.96.jpeg,rock
1845,rock\rock.960.jpeg,rock
1846,rock\rock.961.jpeg,rock
1847,rock\rock.962.jpeg,rock
1848,rock\rock.963.jpeg,rock
1849,rock\rock.964.jpeg,rock
1850,rock\rock.965.jpeg,rock
1851,rock\rock.966.jpeg,rock
1852,rock\rock.967.jpeg,rock
1853,rock\rock.968.jpeg,rock
1854,rock\rock.969.jpeg,rock
1855,rock\rock.97.jpeg,rock
1856,rock\rock.970.jpeg,rock
1857,rock\rock.971.jpeg,rock
1858,rock\rock.972.jpeg,rock
1859,rock\rock.973.jpeg,rock
1860,rock\rock.974.jpeg,rock
1861,rock\rock.975.jpeg,rock
1862,rock\rock.976.jpeg,rock
1863,rock\rock.977.jpeg,rock
1864,rock\rock.978.jpeg,rock
1865,rock\rock.979.jpeg,rock
1866,rock\rock.98.jpeg,rock
1867,rock\rock.980.jpeg,rock
1868,rock\rock.981.jpeg,rock
1869,rock\rock.982.jpeg,rock
1870,rock\rock.983.jpeg,rock
1871,rock\rock.984.jpeg,rock
1872,rock\rock.985.jpeg,rock
1873,rock\rock.986.jpeg,rock
1874,rock\rock.987.jpeg,rock
1875,rock\rock.988.jpeg,rock
1876,rock\rock.989.jpeg,rock
1877,rock\rock.99.jpeg,rock
1878,rock\rock.990.jpeg,rock
1879,rock\rock.991.jpeg,rock
1880,rock\rock.992.jpeg,rock
1881,rock\rock.993.jpeg,rock
1882,rock\rock.994.jpeg,rock
1883,rock\rock.995.jpeg,rock
1884,rock\rock.996.jpeg,rock
1885,rock\rock.997.jpeg,rock
1886,rock\rock.998.jpeg,rock
1887,rock\rock.999.jpeg,rock
